redirect_percent,extra_attenuation_dB,park_before_dBA,park_after_dBA,homes_before_dBA,homes_after_dBA,added_vehicle_hours
0,0,70.01371193,70.01371193,60.13520922,60.13520922,0.00000000
0,5,70.01371193,70.01371193,60.13520922,60.13520922,0.00000000
0,10,70.01371193,70.01371193,60.13520922,60.13520922,0.00000000
0,20,70.01371193,70.01371193,60.13520922,60.13520922,0.00000000
25,0,70.01371193,68.76888560,60.13520922,65.47974309,8.33333333
25,5,70.01371193,68.76888560,60.13520922,62.60594181,8.33333333
25,10,70.01371193,68.76888560,60.13520922,61.07760217,8.33333333
25,20,70.01371193,68.76888560,60.13520922,60.23919968,8.33333333
50,0,70.01371193,67.01708074,60.13520922,67.80434173,16.66666667
50,5,70.01371193,67.01708074,60.13520922,64.17099786,16.66666667
50,10,70.01371193,67.01708074,60.13520922,61.85151816,16.66666667
50,20,70.01371193,67.01708074,60.13520922,60.34075824,16.66666667
75,0,70.01371193,64.03398994,60.13520922,69.31031645,25.00000000
75,5,70.01371193,64.03398994,60.13520922,65.31904192,25.00000000
75,10,70.01371193,64.03398994,60.13520922,62.50815756,25.00000000
75,20,70.01371193,64.03398994,60.13520922,60.43999605,25.00000000
90,0,70.01371193,60.13520922,60.13520922,70.01371193,30.00000000
90,5,70.01371193,60.13520922,60.13520922,65.88571146,30.00000000
90,10,70.01371193,60.13520922,60.13520922,62.85922318,30.00000000
90,20,70.01371193,60.13520922,60.13520922,60.49846820,30.00000000
