real_rate_percent,financed_years,cost_2023_USD_per_MWh,opening_capital_USD_per_kW,construction_carry_USD_per_kW
0,4,57.89107172,7861.00000000,0.00000000
0,7,57.89107172,7861.00000000,0.00000000
0,10,57.89107172,7861.00000000,0.00000000
3,4,79.97928215,8344.28971508,483.28971508
3,7,82.23812726,8733.06540236,872.06540236
3,10,84.63694979,9145.93296521,1284.93296521
7,4,122.42164396,9025.82873371,1164.82873371
7,7,132.76769036,10052.85907489,2191.85907489
7,10,144.67446137,11234.81927643,3373.81927643
10,4,162.87066623,9565.89734393,1704.89734393
10,7,184.95696518,11174.10704224,3313.10704224
10,10,211.95421517,13139.90671491,5278.90671491
